Age,Salary,Name_Bob,Name_Charlie,City_New York
-0.11624763874381887,-1.2247448713915892,0.0,0.0,1.0
1.2787240261820125,1.2247448713915892,1.0,0.0,0.0
-1.1624763874381925,0.0,0.0,1.0,1.0
